modulo,parametro,estado,resultado,recomendacion,clave
Capacidad de lodo,Estado de capacidad,ADMISIBLE,Aprobada,La cantidad de lodo propuesta cumple los criterios de C/N y humedad para la formulación inicial.,ESTADO DE CAPACIDAD|ADMISIBLE
Capacidad de lodo,Estado de capacidad,ADMISIBLE CON AJUSTE DE HUMEDAD,Ajustar humedad,La cantidad de lodo es admisible por C/N pero se requiere incrementar la humedad de la mezcla hasta alcanzar el rango recomendado antes de conformar la pila.,ESTADO DE CAPACIDAD|ADMISIBLE CON AJUSTE DE HUMEDAD
Capacidad de lodo,Estado de capacidad,NO ADMISIBLE,Reformular,La cantidad de lodo propuesta no cumple los criterios establecidos. Ajustar la cantidad de lodo y/o la composición de la mezcla antes de conformar la pila.,ESTADO DE CAPACIDAD|NO ADMISIBLE
Formulacion,Humedad inicial,BAJA,Reformular,Incrementar la humedad inicial de la mezcla antes de conformar la pila,HUMEDAD INICIAL|BAJA
Formulacion,Humedad inicial,ALTA,Reformular,Incrementar el material estructurante para reducir la humedad de la mezcla,HUMEDAD INICIAL|ALTA
Formulacion,Humedad inicial,CORRECTA,Aprobada,La humedad inicial es adecuada para iniciar el proceso,HUMEDAD INICIAL|CORRECTA
Formulacion,Relacion C/N,BAJO,Reformular,"Incrementar materiales ricos en carbono, como aserrín, podas, etc",RELACION C/N|BAJO
Formulacion,Relacion C/N,ALTO,Reformular,Incrementar materiales con mayor contenido de nitrogeno,RELACION C/N|ALTO
Formulacion,Relacion C/N,CORRECTO,Aprobada,La relacion C/N es adecuada,RELACION C/N|CORRECTO
